CreateTime,Pid,Ppid,TokenIsElevated,Name,CommandLine,Exe,TokenInfo,Hash,Authenticode,Username,WorkingSetSize
2026-07-02T14:53:16.0448033Z,32052,7300,false,Notepad.exe,"""C:\Program Files\WindowsApps\Microsoft.WindowsNotepad_11.2604.5.0_x64__8wekyb3d8bbwe\Notepad\Notepad.exe"" ",C:\Program Files\WindowsApps\Microsoft.WindowsNotepad_11.2604.5.0_x64__8wekyb3d8bbwe\Notepad\Notepad.exe,"{
 ""Username"": ""LAPTOP-P1MJQTH6\\hp"",
 ""ProfileDir"": ""C:\\Users\\hp"",
 ""IsElevated"": false,
 ""Groups"": {
  ""S-1-5-21-1242050614-2241101230-4238443179-513"": ""ENABLED,ENABLED_BY_DEFAULT,MANDATORY"",
  ""S-1-1-0"": ""ENABLED,ENABLED_BY_DEFAULT,MANDATORY"",
  ""S-1-5-114"": ""USE_FOR_DENY_ONLY"",
  ""S-1-5-21-1242050614-2241101230-4238443179-1031"": ""ENABLED,ENABLED_BY_DEFAULT,MANDATORY"",
  ""S-1-5-21-1242050614-2241101230-4238443179-1012"": ""ENABLED,ENABLED_BY_DEFAULT,MANDATORY"",
  ""S-1-5-21-1242050614-2241101230-4238443179-1003"": ""ENABLED,ENABLED_BY_DEFAULT,MANDATORY"",
  ""S-1-5-21-1242050614-2241101230-4238443179-1021"": ""ENABLED,ENABLED_BY_DEFAULT,MANDATORY"",
  ""S-1-5-21-1242050614-2241101230-4238443179-1022"": ""ENABLED,ENABLED_BY_DEFAULT,MANDATORY"",
  ""S-1-5-21-1242050614-2241101230-4238443179-1023"": ""ENABLED,ENABLED_BY_DEFAULT,MANDATORY"",
  ""S-1-5-32-544"": ""USE_FOR_DENY_ONLY"",
  ""S-1-5-32-545"": ""ENABLED,ENABLED_BY_DEFAULT,MANDATORY"",
  ""S-1-5-4"": ""ENABLED,ENABLED_BY_DEFAULT,MANDATORY"",
  ""S-1-2-1"": ""ENABLED,ENABLED_BY_DEFAULT,MANDATORY"",
  ""S-1-5-11"": ""ENABLED,ENABLED_BY_DEFAULT,MANDATORY"",
  ""S-1-5-15"": ""ENABLED,ENABLED_BY_DEFAULT,MANDATORY"",
  ""S-1-5-113"": ""ENABLED,ENABLED_BY_DEFAULT,MANDATORY"",
  ""S-1-5-5-0-1117704"": ""ENABLED,ENABLED_BY_DEFAULT,LOGON_ID,MANDATORY"",
  ""S-1-2-0"": ""ENABLED,ENABLED_BY_DEFAULT,MANDATORY"",
  ""S-1-5-64-10"": ""ENABLED,ENABLED_BY_DEFAULT,MANDATORY"",
  ""S-1-16-8192"": ""INTEGRITY,INTEGRITY_ENABLED""
 },
 ""GroupNames"": {
  ""None"": ""ENABLED,ENABLED_BY_DEFAULT,MANDATORY"",
  ""Everyone"": ""ENABLED,ENABLED_BY_DEFAULT,MANDATORY"",
  ""‏‏حساب محلي وعضو في مجموعة المسؤولين"": ""USE_FOR_DENY_ONLY"",
  ""docker-users"": ""ENABLED,ENABLED_BY_DEFAULT,MANDATORY"",
  ""ORA_ASMDBA"": ""ENABLED,ENABLED_BY_DEFAULT,MANDATORY"",
  ""ORA_DBA"": ""ENABLED,ENABLED_BY_DEFAULT,MANDATORY"",
  ""ORA_OraDB19Home1_SYSBACKUP"": ""ENABLED,ENABLED_BY_DEFAULT,MANDATORY"",
  ""ORA_OraDB19Home1_SYSDG"": ""ENABLED,ENABLED_BY_DEFAULT,MANDATORY"",
  ""ORA_OraDB19Home1_SYSKM"": ""ENABLED,ENABLED_BY_DEFAULT,MANDATORY"",
  ""Administrators"": ""USE_FOR_DENY_ONLY"",
  ""Users"": ""ENABLED,ENABLED_BY_DEFAULT,MANDATORY"",
  ""INTERACTIVE"": ""ENABLED,ENABLED_BY_DEFAULT,MANDATORY"",
  ""CONSOLE LOGON"": ""ENABLED,ENABLED_BY_DEFAULT,MANDATORY"",
  ""Authenticated Users"": ""ENABLED,ENABLED_BY_DEFAULT,MANDATORY"",
  ""This Organization"": ""ENABLED,ENABLED_BY_DEFAULT,MANDATORY"",
  ""‏‏حساب محلي"": ""ENABLED,ENABLED_BY_DEFAULT,MANDATORY"",
  ""LogonSessionId_0_1117704"": ""ENABLED,ENABLED_BY_DEFAULT,LOGON_ID,MANDATORY"",
  ""LOCAL"": ""ENABLED,ENABLED_BY_DEFAULT,MANDATORY"",
  ""NTLM Authentication"": ""ENABLED,ENABLED_BY_DEFAULT,MANDATORY"",
  ""Medium Mandatory Level"": ""INTEGRITY,INTEGRITY_ENABLED""
 },
 ""SID"": ""S-1-5-21-1242050614-2241101230-4238443179-1001"",
 ""Privileges"": {
  ""SeChangeNotifyPrivilege"": ""ENABLED,ENABLED_BY_DEFAULT""
 },
 ""PrimaryGroup"": ""S-1-5-21-1242050614-2241101230-4238443179-513""
}","{
 ""MD5"": ""28db956ad9a153c763983bf39ed067f6"",
 ""SHA1"": ""c2fff53c834b6b35e36544672da8bc3b7e5a7424"",
 ""SHA256"": ""3854252d7a10db9e4e908012bde027b89b42f9df41b36886a9f66fe89398f552""
}","{
 ""Filename"": ""C:\\Program Files\\WindowsApps\\Microsoft.WindowsNotepad_11.2604.5.0_x64__8wekyb3d8bbwe\\Notepad\\Notepad.exe"",
 ""ProgramName"": ""Microsoft"",
 ""PublisherLink"": null,
 ""MoreInfoLink"": ""https://www.microsoft.com "",
 ""SerialNumber"": ""330000021d4d19c84ed70f574800000000021d"",
 ""IssuerName"": ""C=US, O=Microsoft Corporation, CN=Microsoft Code Signing PCA 2024"",
 ""SubjectName"": ""C=US, ST=Washington, L=Redmond, O=Microsoft Corporation, CN=Microsoft Corporation"",
 ""Timestamp"": null,
 ""Trusted"": ""trusted"",
 ""_ExtraInfo"": null
}",LAPTOP-P1MJQTH6\hp,15953920
2026-07-02T14:53:16.1322759Z,1448,16220,false,Notepad.exe,"""C:\Program Files\WindowsApps\Microsoft.WindowsNotepad_11.2604.5.0_x64__8wekyb3d8bbwe\Notepad\Notepad.exe"" /SESSION:VyQo1zDo5k+lT9X18i1Q6wAAAAABFAABXD8AADDo5k8AAwAAAAAAAA==",C:\Program Files\WindowsApps\Microsoft.WindowsNotepad_11.2604.5.0_x64__8wekyb3d8bbwe\Notepad\Notepad.exe,"{
 ""Username"": ""LAPTOP-P1MJQTH6\\hp"",
 ""ProfileDir"": ""C:\\Users\\hp"",
 ""IsElevated"": false,
 ""Groups"": {
  ""S-1-5-21-1242050614-2241101230-4238443179-513"": ""ENABLED,ENABLED_BY_DEFAULT,MANDATORY"",
  ""S-1-1-0"": ""ENABLED,ENABLED_BY_DEFAULT,MANDATORY"",
  ""S-1-5-114"": ""USE_FOR_DENY_ONLY"",
  ""S-1-5-21-1242050614-2241101230-4238443179-1031"": ""ENABLED,ENABLED_BY_DEFAULT,MANDATORY"",
  ""S-1-5-21-1242050614-2241101230-4238443179-1012"": ""ENABLED,ENABLED_BY_DEFAULT,MANDATORY"",
  ""S-1-5-21-1242050614-2241101230-4238443179-1003"": ""ENABLED,ENABLED_BY_DEFAULT,MANDATORY"",
  ""S-1-5-21-1242050614-2241101230-4238443179-1021"": ""ENABLED,ENABLED_BY_DEFAULT,MANDATORY"",
  ""S-1-5-21-1242050614-2241101230-4238443179-1022"": ""ENABLED,ENABLED_BY_DEFAULT,MANDATORY"",
  ""S-1-5-21-1242050614-2241101230-4238443179-1023"": ""ENABLED,ENABLED_BY_DEFAULT,MANDATORY"",
  ""S-1-5-32-544"": ""USE_FOR_DENY_ONLY"",
  ""S-1-5-32-545"": ""ENABLED,ENABLED_BY_DEFAULT,MANDATORY"",
  ""S-1-5-4"": ""ENABLED,ENABLED_BY_DEFAULT,MANDATORY"",
  ""S-1-2-1"": ""ENABLED,ENABLED_BY_DEFAULT,MANDATORY"",
  ""S-1-5-11"": ""ENABLED,ENABLED_BY_DEFAULT,MANDATORY"",
  ""S-1-5-15"": ""ENABLED,ENABLED_BY_DEFAULT,MANDATORY"",
  ""S-1-5-113"": ""ENABLED,ENABLED_BY_DEFAULT,MANDATORY"",
  ""S-1-5-5-0-1117704"": ""ENABLED,ENABLED_BY_DEFAULT,LOGON_ID,MANDATORY"",
  ""S-1-2-0"": ""ENABLED,ENABLED_BY_DEFAULT,MANDATORY"",
  ""S-1-5-64-10"": ""ENABLED,ENABLED_BY_DEFAULT,MANDATORY"",
  ""S-1-16-8192"": ""INTEGRITY,INTEGRITY_ENABLED""
 },
 ""GroupNames"": {
  ""None"": ""ENABLED,ENABLED_BY_DEFAULT,MANDATORY"",
  ""Everyone"": ""ENABLED,ENABLED_BY_DEFAULT,MANDATORY"",
  ""‏‏حساب محلي وعضو في مجموعة المسؤولين"": ""USE_FOR_DENY_ONLY"",
  ""docker-users"": ""ENABLED,ENABLED_BY_DEFAULT,MANDATORY"",
  ""ORA_ASMDBA"": ""ENABLED,ENABLED_BY_DEFAULT,MANDATORY"",
  ""ORA_DBA"": ""ENABLED,ENABLED_BY_DEFAULT,MANDATORY"",
  ""ORA_OraDB19Home1_SYSBACKUP"": ""ENABLED,ENABLED_BY_DEFAULT,MANDATORY"",
  ""ORA_OraDB19Home1_SYSDG"": ""ENABLED,ENABLED_BY_DEFAULT,MANDATORY"",
  ""ORA_OraDB19Home1_SYSKM"": ""ENABLED,ENABLED_BY_DEFAULT,MANDATORY"",
  ""Administrators"": ""USE_FOR_DENY_ONLY"",
  ""Users"": ""ENABLED,ENABLED_BY_DEFAULT,MANDATORY"",
  ""INTERACTIVE"": ""ENABLED,ENABLED_BY_DEFAULT,MANDATORY"",
  ""CONSOLE LOGON"": ""ENABLED,ENABLED_BY_DEFAULT,MANDATORY"",
  ""Authenticated Users"": ""ENABLED,ENABLED_BY_DEFAULT,MANDATORY"",
  ""This Organization"": ""ENABLED,ENABLED_BY_DEFAULT,MANDATORY"",
  ""‏‏حساب محلي"": ""ENABLED,ENABLED_BY_DEFAULT,MANDATORY"",
  ""LogonSessionId_0_1117704"": ""ENABLED,ENABLED_BY_DEFAULT,LOGON_ID,MANDATORY"",
  ""LOCAL"": ""ENABLED,ENABLED_BY_DEFAULT,MANDATORY"",
  ""NTLM Authentication"": ""ENABLED,ENABLED_BY_DEFAULT,MANDATORY"",
  ""Medium Mandatory Level"": ""INTEGRITY,INTEGRITY_ENABLED""
 },
 ""SID"": ""S-1-5-21-1242050614-2241101230-4238443179-1001"",
 ""Privileges"": {
  ""SeChangeNotifyPrivilege"": ""ENABLED,ENABLED_BY_DEFAULT""
 },
 ""PrimaryGroup"": ""S-1-5-21-1242050614-2241101230-4238443179-513""
}","{
 ""MD5"": ""28db956ad9a153c763983bf39ed067f6"",
 ""SHA1"": ""c2fff53c834b6b35e36544672da8bc3b7e5a7424"",
 ""SHA256"": ""3854252d7a10db9e4e908012bde027b89b42f9df41b36886a9f66fe89398f552""
}","{
 ""Filename"": ""C:\\Program Files\\WindowsApps\\Microsoft.WindowsNotepad_11.2604.5.0_x64__8wekyb3d8bbwe\\Notepad\\Notepad.exe"",
 ""ProgramName"": ""Microsoft"",
 ""PublisherLink"": null,
 ""MoreInfoLink"": ""https://www.microsoft.com "",
 ""SerialNumber"": ""330000021d4d19c84ed70f574800000000021d"",
 ""IssuerName"": ""C=US, O=Microsoft Corporation, CN=Microsoft Code Signing PCA 2024"",
 ""SubjectName"": ""C=US, ST=Washington, L=Redmond, O=Microsoft Corporation, CN=Microsoft Corporation"",
 ""Timestamp"": null,
 ""Trusted"": ""trusted"",
 ""_ExtraInfo"": null
}",LAPTOP-P1MJQTH6\hp,167780352
